feature,contribution,n_patients,true_log_odds
DX_F10.20_alcohol_dependence,0.10753138363361359,3216,1.8
LAB_crp_high,0.09000908583402634,3634,1.5
RX_lorazepam,0.0843023806810379,3169,1.5
housing_instability,0.07960955053567886,883,0.6
PX_psychotherapy_session,-0.07695730030536652,4898,-1.2
PX_ed_visit,0.05856770649552345,2666,1.2
DX_G47.00_insomnia,0.05410980060696602,4365,1.0
DX_F43.10_ptsd,0.05383944883942604,4292,0.9
RX_lithium,-0.05062191188335419,1562,-1.0
LAB_vitamin_d_low,0.04991300031542778,4297,0.9
unemployed,0.03976941853761673,741,0.4
prs,0.038577206432819366,7500,0.4
adi_percentile,0.03450150415301323,7500,0.35
PX_primary_care_visit,0.012423179112374783,7349,0.0
RX_lisinopril,-0.010665548034012318,4949,0.0
DX_M54.5_low_back_pain,-0.005926033481955528,4895,0.0
LAB_alt_high,0.005908460821956396,2636,0.0
DX_E78.5_hyperlipidemia,0.005407653748989105,5365,0.0
DX_F41.1_anxiety,0.0050990404561161995,6174,0.0
LAB_tsh_high,0.004931023810058832,2649,0.0
RX_escitalopram,0.00474617350846529,4258,0.0
DX_F33.1_depression,-0.00453743664547801,6446,0.0
RX_albuterol,0.0041984268464148045,2662,0.0
DX_J45.9_asthma,-0.0036673538852483034,3188,0.0
RX_oxycodone,-0.0033234774600714445,2103,0.0
DX_I10_hypertension,0.0030696778558194637,5872,0.0
DX_E66.9_obesity,0.0030187489464879036,4822,0.0
DX_E11.9_type2_diabetes,0.002588971285149455,4305,0.0
DX_K21.9_gerd,-0.0023095670621842146,4009,0.0
rural,-0.0022601280361413956,1858,0.0
RX_bupropion,0.0014902254333719611,3158,0.0
RX_quetiapine,-0.001429544878192246,2134,0.0
RX_metformin,0.0013955417089164257,3612,0.0
RX_sertraline,0.0012219042982906103,4833,0.0
LAB_a1c_high,0.0007158258813433349,3672,0.0
RX_atorvastatin,-0.00032465282129123807,4928,0.0
food_insecurity,-0.00029093370540067554,1084,0.0
LAB_wbc_high,-0.0002791782026179135,2660,0.0
LAB_sodium_low,0.00011155418178532273,1568,0.0
LAB_ldl_high,-8.377336052944884e-05,4867,0.0
RX_trazodone,1.2461903679650277e-05,3534,0.0
