model,attribute,group,n,event_rate,auroc,auroc_95ci,auprc,oracle_auroc,obs_exp_ratio,calibration_slope,flag
logreg,overall,all,7500,0.171,0.816,0.803-0.828,0.547,0.816,1.0,0.96,
logreg,sex,F,3719,0.176,0.812,0.795-0.832,0.554,0.811,1.03,0.95,
logreg,sex,M,3781,0.166,0.82,0.805-0.838,0.54,0.822,0.97,0.98,
logreg,age group,18-44,3005,0.155,0.811,0.791-0.830,0.51,0.812,1.05,0.94,
logreg,age group,45-64,2190,0.175,0.824,0.803-0.848,0.578,0.826,1.01,1.01,
logreg,age group,65+,2305,0.187,0.814,0.789-0.832,0.561,0.812,0.94,0.96,
logreg,neighborhood deprivation,high,2479,0.219,0.805,0.783-0.826,0.585,0.805,1.02,0.97,
logreg,neighborhood deprivation,low,2458,0.126,0.811,0.784-0.835,0.454,0.81,1.02,0.92,
logreg,neighborhood deprivation,middle,2563,0.167,0.817,0.795-0.841,0.561,0.818,0.97,1.0,
logreg,housing instability,no,6617,0.16,0.812,0.798-0.827,0.519,0.812,1.0,0.94,
logreg,housing instability,yes,883,0.254,0.822,0.791-0.850,0.668,0.823,0.97,1.1,
logreg_without_sdoh,overall,all,7500,0.171,0.79,0.777-0.803,0.499,0.816,1.0,0.96,
logreg_without_sdoh,sex,F,3719,0.176,0.786,0.769-0.806,0.514,0.811,1.02,0.95,
logreg_without_sdoh,sex,M,3781,0.166,0.794,0.780-0.811,0.486,0.822,0.98,0.96,
logreg_without_sdoh,age group,18-44,3005,0.155,0.788,0.770-0.808,0.471,0.812,1.04,0.94,
logreg_without_sdoh,age group,45-64,2190,0.175,0.791,0.767-0.818,0.515,0.826,1.02,0.97,
logreg_without_sdoh,age group,65+,2305,0.187,0.79,0.766-0.812,0.516,0.812,0.95,0.98,
logreg_without_sdoh,neighborhood deprivation,high,2479,0.219,0.789,0.768-0.813,0.563,0.805,1.3,1.0,miscalibrated
logreg_without_sdoh,neighborhood deprivation,low,2458,0.126,0.796,0.770-0.819,0.421,0.81,0.75,0.92,miscalibrated
logreg_without_sdoh,neighborhood deprivation,middle,2563,0.167,0.795,0.770-0.820,0.528,0.818,0.95,1.0,
logreg_without_sdoh,housing instability,no,6617,0.16,0.79,0.773-0.804,0.485,0.812,0.94,0.95,
logreg_without_sdoh,housing instability,yes,883,0.254,0.796,0.762-0.823,0.62,0.823,1.45,1.08,miscalibrated
gru,overall,all,7500,0.171,0.789,0.775-0.803,0.495,0.816,0.83,0.91,
gru,sex,F,3719,0.176,0.787,0.769-0.806,0.498,0.811,0.85,0.89,
gru,sex,M,3781,0.166,0.792,0.773-0.812,0.494,0.822,0.81,0.92,
gru,age group,18-44,3005,0.155,0.779,0.758-0.799,0.443,0.812,0.86,0.86,
gru,age group,45-64,2190,0.175,0.805,0.786-0.829,0.531,0.826,0.85,0.98,
gru,age group,65+,2305,0.187,0.788,0.760-0.810,0.523,0.812,0.79,0.92,miscalibrated
gru,neighborhood deprivation,high,2479,0.219,0.783,0.758-0.803,0.55,0.805,0.86,0.94,
gru,neighborhood deprivation,low,2458,0.126,0.781,0.754-0.808,0.395,0.81,0.82,0.85,
gru,neighborhood deprivation,middle,2563,0.167,0.785,0.760-0.812,0.495,0.818,0.81,0.91,
gru,housing instability,no,6617,0.16,0.785,0.769-0.800,0.463,0.812,0.83,0.89,
gru,housing instability,yes,883,0.254,0.794,0.761-0.823,0.628,0.823,0.84,0.99,
gru_recalibrated,overall,all,7500,0.171,0.789,0.775-0.803,0.495,0.816,1.02,0.97,
gru_recalibrated,sex,F,3719,0.176,0.787,0.769-0.806,0.498,0.811,1.04,0.96,
gru_recalibrated,sex,M,3781,0.166,0.792,0.773-0.812,0.494,0.822,1.0,0.99,
gru_recalibrated,age group,18-44,3005,0.155,0.779,0.758-0.799,0.443,0.812,1.07,0.93,
gru_recalibrated,age group,45-64,2190,0.175,0.805,0.786-0.829,0.531,0.826,1.04,1.05,
gru_recalibrated,age group,65+,2305,0.187,0.788,0.760-0.810,0.523,0.812,0.96,0.98,
gru_recalibrated,neighborhood deprivation,high,2479,0.219,0.783,0.758-0.803,0.55,0.805,1.05,1.01,
gru_recalibrated,neighborhood deprivation,low,2458,0.126,0.781,0.754-0.808,0.395,0.81,1.01,0.92,
gru_recalibrated,neighborhood deprivation,middle,2563,0.167,0.785,0.760-0.812,0.495,0.818,0.99,0.97,
gru_recalibrated,housing instability,no,6617,0.16,0.785,0.769-0.800,0.463,0.812,1.02,0.96,
gru_recalibrated,housing instability,yes,883,0.254,0.794,0.761-0.823,0.628,0.823,1.02,1.07,
